AnimalID,Age,Sex,Genotype,Strain,ExpName,Housing,LightCycle,PISiteUser,SessionName,Image,Image_Description,Analysis_Name,Schedule_Name,Max_Number_Trials,Max_Schedule_Time,Date_Time,AVG_Blank touches at grid specific - Grid 1,AVG_Blank touches at grid specific - Grid 2,AVG_Blank touches at grid specific - Grid 3,AVG_Blank touches at grid specific - Grid 4,AVG_Blank touches at grid specific - Grid 5,AVG_Correct latency grid 1,AVG_Correct latency grid 2,AVG_Correct latency grid 3,AVG_Correct latency grid 4,AVG_Correct latency grid 5,AVG_Correct Reward Collection,AVG_Correct touch latency,AVG_End Summary - Blank Touches,AVG_End Summary - Condition,AVG_End Summary - Corrects,AVG_True Blank Touches at Grid 1,AVG_True Blank Touches at Grid 2,AVG_True Blank Touches at Grid 3,AVG_True Blank Touches at Grid 4,AVG_True Blank Touches at Grid 5
DF48m1,3_6       ,m,VAChT^flox/flox,VAChT^flox/flox,OK_VAChTfxControls_HeteroSequence,Single-housed,Diurnal light cycle,Dr. Marco Prado - Robarts Research Institute - Ornela-Kljakic,Long_Sequence,,,5C_Touch Must Touch - long sequence - Helena,EXTINCTION TRAIN_long sequence,30,3600,2017-05-25 10:03:49 AM,75,31,34,64,138,12.731299999999997,6.544166666666668,6.414199999999999,0.8961333333333333,1.327166666666667,1.3471666666666666,5.582593333333334,192,1093.022,30,45,1,4,34,108
DF48m3,3_6       ,m,VAChT^flox/flox,VAChT^flox/flox,OK_VAChTfxControls_HeteroSequence,Single-housed,Diurnal light cycle,Dr. Marco Prado - Robarts Research Institute - Ornela-Kljakic,Long_Sequence,,,5C_Touch Must Touch - long sequence - Helena,EXTINCTION TRAIN_long sequence,30,3600,2017-05-05 9:28:26 AM,151,44,112,98,158,48.26840000000001,28.539166666666667,10.542433333333337,5.399966666666667,5.592833333333333,1.6380666666666668,19.668559999999996,413,3214.628,30,121,14,82,68,128
DF48m3,3_6       ,m,VAChT^flox/flox,VAChT^flox/flox,OK_VAChTfxControls_HeteroSequence,Single-housed,Diurnal light cycle,Dr. Marco Prado - Robarts Research Institute - Ornela-Kljakic,Long_Sequence,,,5C_Touch Must Touch - long sequence - Helena,EXTINCTION TRAIN_long sequence,30,3600,2017-05-17 12:08:03 PM,55,35,50,95,153,20.78506666666667,10.397266666666665,4.692066666666667,1.7007,0.3144,1.5762,7.577900000000002,238,1400.284,30,25,5,20,65,123
DF48m5,3_6       ,m,VAChT^flox/flox,VAChT^flox/flox,OK_VAChTfxControls_HeteroSequence,Single-housed,Diurnal light cycle,Dr. Marco Prado - Robarts Research Institute - Ornela-Kljakic,Long_Sequence,,,5C_Touch Must Touch - long sequence - Helena,EXTINCTION TRAIN_long sequence,30,3600,2017-06-12 10:34:33 AM,53,52,49,57,53,9.073266666666663,3.836533333333333,3.0493333333333337,2.5244000000000004,2.140533333333333,1.593666666666667,4.124813333333334,114,881.745,30,23,22,19,27,23
DF48m6,3_6       ,m,VAChT^flox/flox,VAChT^flox/flox,OK_VAChTfxControls_HeteroSequence,Single-housed,Diurnal light cycle,Dr. Marco Prado - Robarts Research Institute - Ornela-Kljakic,Long_Sequence,,,5C_Touch Must Touch - long sequence - Helena,EXTINCTION TRAIN_long sequence,30,3600,2017-05-12 10:12:43 AM,40,36,58,80,87,7.2207333333333334,4.704862068965517,1.3843793103448276,0.4119,0.3700333333333333,1.4847333333333326,2.815324324324325,153,677.136,30,10,6,28,50,57
DF59m1,3_6       ,m,VAChT^flox/flox,VAChT^flox/flox,OK_VAChTfxControls_HeteroSequence,Single-housed,Diurnal light cycle,Dr. Marco Prado - Robarts Research Institute - Ornela-Kljakic,Long_Sequence,,,5C_Touch Must Touch - long sequence - Helena,EXTINCTION TRAIN_long sequence,30,3600,2017-05-10 9:23:21 AM,68,43,107,71,67,28.437666666666665,9.222366666666664,4.588266666666668,18.415366666666664,43.346,1.2951666666666666,20.80193333333335,206,3374.458,30,38,13,77,41,37
DF59m2,3_6       ,m,VAChT^flox/flox,VAChT^flox/flox,OK_VAChTfxControls_HeteroSequence,Single-housed,Diurnal light cycle,Dr. Marco Prado - Robarts Research Institute - Ornela-Kljakic,Long_Sequence,,,5C_Touch Must Touch - long sequence - Helena,EXTINCTION TRAIN_long sequence,30,3600,2017-05-25 9:58:22 AM,156,66,103,71,177,32.64523333333332,30.29053333333333,4.559166666666666,17.75826666666667,12.03123333333334,1.5463999999999998,19.45688666666666,423,3180.545,30,126,36,73,41,147
DF59m2,3_6       ,m,VAChT^flox/flox,VAChT^flox/flox,OK_VAChTfxControls_HeteroSequence,Single-housed,Diurnal light cycle,Dr. Marco Prado - Robarts Research Institute - Ornela-Kljakic,Long_Sequence,,,5C_Touch Must Touch - long sequence - Helena,EXTINCTION TRAIN_long sequence,30,3600,2017-06-05 10:05:13 AM,44,42,52,45,78,17.139866666666663,8.1136,2.255266666666667,1.437241379310345,0.8338000000000001,1.1350333333333331,5.986281879194629,112,1141.524,30,14,12,22,15,48
DF63m3,3_6       ,m,VAChT^flox/flox,VAChT^flox/flox,OK_VAChTfxControls_HeteroSequence,Single-housed,Diurnal light cycle,Dr. Marco Prado - Robarts Research Institute - Ornela-Kljakic,Long_Sequence,,,5C_Touch Must Touch - long sequence - Helena,EXTINCTION TRAIN_long sequence,30,3600,2017-07-31 12:28:39 PM,68,56,70,82,61,7.054799999999999,3.2378666666666667,5.980499999999998,1.955433333333334,0.6510333333333332,1.5047333333333333,3.775926666666669,187,826.914,30,38,26,40,52,31
DF63m3,3_6       ,m,VAChT^flox/flox,VAChT^flox/flox,OK_VAChTfxControls_HeteroSequence,Single-housed,Diurnal light cycle,Dr. Marco Prado - Robarts Research Institute - Ornela-Kljakic,Long_Sequence,,,5C_Touch Must Touch - long sequence - Helena,EXTINCTION TRAIN_long sequence,30,3600,2017-08-04 12:28:49 PM,39,44,33,45,45,3.5408333333333326,1.0056333333333334,0.9005666666666665,0.6149999999999999,1.1988333333333334,1.3609666666666667,1.4521733333333326,56,474.166,30,9,14,3,15,15
DF63m4,3_6       ,m,VAChT^flox/flox,VAChT^flox/flox,OK_VAChTfxControls_HeteroSequence,Single-housed,Diurnal light cycle,Dr. Marco Prado - Robarts Research Institute - Ornela-Kljakic,Long_Sequence,,,5C_Touch Must Touch - long sequence - Helena,EXTINCTION TRAIN_long sequence,30,3600,2017-07-19 9:31:22 AM,66,49,43,80,129,10.071233333333332,6.444033333333333,2.6174333333333335,1.5656,2.334033333333333,0.996833333333333,4.606466666666669,217,936.458,30,36,19,13,50,99
DF63m4,3_6       ,m,VAChT^flox/flox,VAChT^flox/flox,OK_VAChTfxControls_HeteroSequence,Single-housed,Diurnal light cycle,Dr. Marco Prado - Robarts Research Institute - Ornela-Kljakic,Long_Sequence,,,5C_Touch Must Touch - long sequence - Helena,EXTINCTION TRAIN_long sequence,30,3600,2017-07-28 9:37:26 AM,66,31,39,82,132,7.084933333333335,8.6441,5.586400000000001,1.7384333333333335,0.4123103448275861,0.9968333333333331,4.72196644295302,201,949.142,30,36,1,9,52,102
DF79m1,3_6       ,m,VAChT^flox/flox,VAChT^flox/flox,OK_VAChTfxControls_HeteroSequence,Single-housed,Diurnal light cycle,Dr. Marco Prado - Robarts Research Institute - Ornela-Kljakic,Long_Sequence,,,5C_Touch Must Touch - long sequence - Helena,EXTINCTION TRAIN_long sequence,30,3600,2017-12-01 9:54:01 AM,51,48,79,119,86,14.26223333333333,6.3496,1.8925333333333332,0.3061333333333333,0.4707333333333334,1.0067333333333333,4.6562466666666635,233,944.151,30,21,18,49,89,56
DF79m1,3_6       ,m,VAChT^flox/flox,VAChT^flox/flox,OK_VAChTfxControls_HeteroSequence,Single-housed,Diurnal light cycle,Dr. Marco Prado - Robarts Research Institute - Ornela-Kljakic,Long_Sequence,,,5C_Touch Must Touch - long sequence - Helena,EXTINCTION TRAIN_long sequence,30,3600,2017-12-07 11:10:49 AM,55,49,84,110,96,19.34433333333333,11.573200000000003,2.8607999999999993,0.34893333333333326,1.2454666666666663,1.0710333333333333,7.074546666666668,244,1308.782,30,25,19,54,80,66
DF79m2,3_6       ,m,VAChT^flox/flox,VAChT^flox/flox,OK_VAChTfxControls_HeteroSequence,Single-housed,Diurnal light cycle,Dr. Marco Prado - Robarts Research Institute - Ornela-Kljakic,Long_Sequence,,,5C_Touch Must Touch - long sequence - Helena,EXTINCTION TRAIN_long sequence,30,3600,2017-11-20 12:36:58 PM,48,34,45,65,91,7.277333333333332,3.9396000000000013,2.5955666666666657,1.557466666666667,0.44509999999999994,0.9750999999999999,3.1630133333333337,131,721.068,30,18,4,15,35,61
DF79m4,3_6       ,m,VAChT^flox/flox,VAChT^flox/flox,OK_VAChTfxControls_HeteroSequence,Single-housed,Diurnal light cycle,Dr. Marco Prado - Robarts Research Institute - Ornela-Kljakic,Long_Sequence,,,5C_Touch Must Touch - long sequence - Helena,EXTINCTION TRAIN_long sequence,30,3600,2017-11-14 10:44:17 AM,135,46,93,105,202,27.2654,52.65643333333334,27.68433333333334,1.7436333333333336,2.4757333333333325,1.0702333333333334,22.365106666666666,431,3600,30,105,16,63,75,172
DF79m5,3_6       ,m,VAChT^flox/flox,VAChT^flox/flox,OK_VAChTfxControls_HeteroSequence,Single-housed,Diurnal light cycle,Dr. Marco Prado - Robarts Research Institute - Ornela-Kljakic,Long_Sequence,,,5C_Touch Must Touch - long sequence - Helena,EXTINCTION TRAIN_long sequence,30,3600,2017-11-16 10:47:21 AM,90,45,75,56,123,16.892533333333336,10.930900000000001,4.9157,4.392866666666666,0.7897666666666665,1.2129333333333332,7.584353333333338,239,1389.954,30,60,15,45,26,93
DF79m5,3_6       ,m,VAChT^flox/flox,VAChT^flox/flox,OK_VAChTfxControls_HeteroSequence,Single-housed,Diurnal light cycle,Dr. Marco Prado - Robarts Research Institute - Ornela-Kljakic,Long_Sequence,,,5C_Touch Must Touch - long sequence - Helena,EXTINCTION TRAIN_long sequence,30,3600,2017-11-27 11:10:56 AM,83,33,37,35,55,8.060166666666667,7.858066666666667,1.4272666666666667,0.7000999999999998,0.3096333333333333,1.1417666666666666,3.6710466666666677,94,800.961,30,53,3,7,5,25
DF48m1,3_6       ,m,VAChT^flox/flox,VAChT^flox/flox,OK_VAChTfxControls_HeteroSequence,Single-housed,Diurnal light cycle,Dr. Marco Prado - Robarts Research Institute - Ornela-Kljakic,Long_Sequence,,,5C_Touch Must Touch - long sequence - Helena,EXTINCTION TRAIN_long sequence,30,3600,2017-05-23 10:16:00 AM,69,35,54,99,221,16.89063333333333,32.119433333333326,3.5199666666666665,1.0908666666666667,3.9892666666666665,1.0886333333333333,11.522033333333336,328,1976.162,30,39,5,24,69,191
DF48m3,3_6       ,m,VAChT^flox/flox,VAChT^flox/flox,OK_VAChTfxControls_HeteroSequence,Single-housed,Diurnal light cycle,Dr. Marco Prado - Robarts Research Institute - Ornela-Kljakic,Long_Sequence,,,5C_Touch Must Touch - long sequence - Helena,EXTINCTION TRAIN_long sequence,30,3600,2017-05-09 9:38:47 AM,161,39,62,68,179,37.30843333333333,32.5799,14.145566666666664,12.149633333333332,1.2736000000000003,1.4731333333333338,19.491426666666673,359,3183.257,30,131,9,32,38,149
DF48m3,3_6       ,m,VAChT^flox/flox,VAChT^flox/flox,OK_VAChTfxControls_HeteroSequence,Single-housed,Diurnal light cycle,Dr. Marco Prado - Robarts Research Institute - Ornela-Kljakic,Long_Sequence,,,5C_Touch Must Touch - long sequence - Helena,EXTINCTION TRAIN_long sequence,30,3600,2017-05-19 10:09:44 AM,76,42,42,70,130,21.421266666666675,8.419566666666666,4.939699999999999,1.308166666666667,0.5318333333333334,1.392133333333333,7.324106666666665,211,1357.385,30,46,12,12,40,100
DF48m5,3_6       ,m,VAChT^flox/flox,VAChT^flox/flox,OK_VAChTfxControls_HeteroSequence,Single-housed,Diurnal light cycle,Dr. Marco Prado - Robarts Research Institute - Ornela-Kljakic,Long_Sequence,,,5C_Touch Must Touch - long sequence - Helena,EXTINCTION TRAIN_long sequence,30,3600,2017-06-08 10:03:47 AM,45,54,59,64,46,8.042233333333334,3.0531333333333333,2.7378,1.225333333333333,1.264633333333333,1.2292666666666667,3.264626666666668,118,741.757,30,15,24,29,34,16
DF48m6,3_6       ,m,VAChT^flox/flox,VAChT^flox/flox,OK_VAChTfxControls_HeteroSequence,Single-housed,Diurnal light cycle,Dr. Marco Prado - Robarts Research Institute - Ornela-Kljakic,Long_Sequence,,,5C_Touch Must Touch - long sequence - Helena,EXTINCTION TRAIN_long sequence,30,3600,2017-05-17 11:50:48 AM,62,36,45,61,75,14.957900000000002,9.819533333333334,2.0705666666666667,1.2279999999999995,0.4281333333333333,1.2796666666666667,5.700826666666668,129,1109.085,30,32,6,15,31,45
DF59m1,3_6       ,m,VAChT^flox/flox,VAChT^flox/flox,OK_VAChTfxControls_HeteroSequence,Single-housed,Diurnal light cycle,Dr. Marco Prado - Robarts Research Institute - Ornela-Kljakic,Long_Sequence,,,5C_Touch Must Touch - long sequence - Helena,EXTINCTION TRAIN_long sequence,30,3600,2017-05-12 9:52:59 AM,68,38,78,75,201,56.528733333333335,22.501800000000003,14.046899999999996,4.4716666666666685,2.359033333333334,1.1296333333333335,19.981626666666667,310,3246.452,30,38,8,48,45,171
DF59m1,3_6       ,m,VAChT^flox/flox,VAChT^flox/flox,OK_VAChTfxControls_HeteroSequence,Single-housed,Diurnal light cycle,Dr. Marco Prado - Robarts Research Institute - Ornela-Kljakic,Long_Sequence,,,5C_Touch Must Touch - long sequence - Helena,EXTINCTION TRAIN_long sequence,30,3600,2017-05-25 9:51:09 AM,67,34,80,90,111,18.958333333333332,8.950700000000001,5.714366666666665,0.7567,0.6856333333333333,1.5730666666666666,7.013146666666668,232,1314.766,30,37,4,50,60,81
DF59m2,3_6       ,m,VAChT^flox/flox,VAChT^flox/flox,OK_VAChTfxControls_HeteroSequence,Single-housed,Diurnal light cycle,Dr. Marco Prado - Robarts Research Institute - Ornela-Kljakic,Long_Sequence,,,5C_Touch Must Touch - long sequence - Helena,EXTINCTION TRAIN_long sequence,30,3600,2017-06-07 12:01:42 PM,49,47,51,42,71,8.780999999999999,2.7570666666666668,0.7054333333333334,0.7139666666666665,0.2148666666666667,1.1043999999999996,2.634466666666667,110,643.879,30,19,17,21,12,41
DF63m3,3_6       ,m,VAChT^flox/flox,VAChT^flox/flox,OK_VAChTfxControls_HeteroSequence,Single-housed,Diurnal light cycle,Dr. Marco Prado - Robarts Research Institute - Ornela-Kljakic,Long_Sequence,,,5C_Touch Must Touch - long sequence - Helena,EXTINCTION TRAIN_long sequence,30,3600,2017-08-02 1:37:27 PM,38,38,38,69,84,5.122133333333333,1.3159666666666667,1.8659333333333334,0.9016666666666663,0.5719333333333335,1.3962333333333334,1.955526666666666,117,550.899,30,8,8,8,39,54
DF63m4,3_6       ,m,VAChT^flox/flox,VAChT^flox/flox,OK_VAChTfxControls_HeteroSequence,Single-housed,Diurnal light cycle,Dr. Marco Prado - Robarts Research Institute - Ornela-Kljakic,Long_Sequence,,,5C_Touch Must Touch - long sequence - Helena,EXTINCTION TRAIN_long sequence,30,3600,2017-07-17 12:21:56 PM,42,51,96,134,138,15.519966666666667,7.995333333333334,2.3026333333333335,1.5837333333333332,0.7169333333333331,1.1689,5.62372,311,1094.074,30,12,21,66,104,108
DF79m1,3_6       ,m,VAChT^flox/flox,VAChT^flox/flox,OK_VAChTfxControls_HeteroSequence,Single-housed,Diurnal light cycle,Dr. Marco Prado - Robarts Research Institute - Ornela-Kljakic,Long_Sequence,,,5C_Touch Must Touch - long sequence - Helena,EXTINCTION TRAIN_long sequence,30,3600,2017-11-24 12:15:55 PM,69,46,52,150,98,13.477866666666669,2.176533333333333,4.2563,0.7727,1.0450666666666664,1.1172,4.3456933333333305,265,900.995,30,39,16,22,120,68
DF79m1,3_6       ,m,VAChT^flox/flox,VAChT^flox/flox,OK_VAChTfxControls_HeteroSequence,Single-housed,Diurnal light cycle,Dr. Marco Prado - Robarts Research Institute - Ornela-Kljakic,Long_Sequence,,,5C_Touch Must Touch - long sequence - Helena,EXTINCTION TRAIN_long sequence,30,3600,2017-12-05 10:56:19 AM,52,35,68,94,67,17.354566666666667,6.378633333333332,1.7095666666666671,0.39370000000000005,0.4163666666666666,1.1662333333333337,5.250566666666665,166,1037.979,30,22,5,38,64,37
DF79m2,3_6       ,m,VAChT^flox/flox,VAChT^flox/flox,OK_VAChTfxControls_HeteroSequence,Single-housed,Diurnal light cycle,Dr. Marco Prado - Robarts Research Institute - Ornela-Kljakic,Long_Sequence,,,5C_Touch Must Touch - long sequence - Helena,EXTINCTION TRAIN_long sequence,30,3600,2017-11-16 10:48:05 AM,35,36,38,46,70,4.196566666666666,2.630633333333333,1.70848275862069,0.8885000000000001,0.3980333333333333,1.1717666666666668,1.966161073825505,76,543.822,30,5,6,8,16,40
DF79m4,3_6       ,m,VAChT^flox/flox,VAChT^flox/flox,OK_VAChTfxControls_HeteroSequence,Single-housed,Diurnal light cycle,Dr. Marco Prado - Robarts Research Institute - Ornela-Kljakic,Long_Sequence,,,5C_Touch Must Touch - long sequence - Helena,EXTINCTION TRAIN_long sequence,30,3600,2017-11-16 11:44:22 AM,47,63,103,80,145,22.741399999999995,11.7309,3.5572413793103452,5.422466666666666,1.8838333333333328,0.9083000000000002,9.10414765100671,289,1599.26,30,17,33,73,50,115
DF79m5,3_6       ,m,VAChT^flox/flox,VAChT^flox/flox,OK_VAChTfxControls_HeteroSequence,Single-housed,Diurnal light cycle,Dr. Marco Prado - Robarts Research Institute - Ornela-Kljakic,Long_Sequence,,,5C_Touch Must Touch - long sequence - Helena,EXTINCTION TRAIN_long sequence,30,3600,2017-11-14 10:50:12 AM,153,75,125,54,102,9.202300000000001,24.276966666666667,34.0738,15.175399999999996,7.4815,1.6631666666666662,18.041993333333327,359,2972.013,30,123,45,95,24,72
DF79m5,3_6       ,m,VAChT^flox/flox,VAChT^flox/flox,OK_VAChTfxControls_HeteroSequence,Single-housed,Diurnal light cycle,Dr. Marco Prado - Robarts Research Institute - Ornela-Kljakic,Long_Sequence,,,5C_Touch Must Touch - long sequence - Helena,EXTINCTION TRAIN_long sequence,30,3600,2017-11-23 11:39:33 AM,66,36,59,52,80,8.101766666666668,4.049300000000001,4.1735999999999995,0.7905333333333332,0.2446,1.6658,3.4719599999999997,143,786.195,30,36,6,29,22,50
DF48m3,3_6       ,m,VAChT^flox/flox,VAChT^flox/flox,OK_VAChTfxControls_HeteroSequence,Single-housed,Diurnal light cycle,Dr. Marco Prado - Robarts Research Institute - Ornela-Kljakic,Long_Sequence,,,5C_Touch Must Touch - long sequence - Helena,EXTINCTION TRAIN_long sequence,30,3600,2017-05-04 9:31:50 AM,99,80,205,114,119,49.5944,12.148433333333335,13.279766666666667,9.463366666666667,23.132833333333338,2.103966666666667,21.523759999999996,467,3506.958,30,69,50,175,84,89
DF48m3,3_6       ,m,VAChT^flox/flox,VAChT^flox/flox,OK_VAChTfxControls_HeteroSequence,Single-housed,Diurnal light cycle,Dr. Marco Prado - Robarts Research Institute - Ornela-Kljakic,Long_Sequence,,,5C_Touch Must Touch - long sequence - Helena,EXTINCTION TRAIN_long sequence,30,3600,2017-05-08 9:42:02 AM,144,48,82,95,222,37.95023333333334,37.04236666666667,20.546166666666668,5.058566666666667,1.1208333333333336,1.4856666666666662,20.343633333333333,441,3311.499,30,114,18,52,65,192
DF48m3,3_6       ,m,VAChT^flox/flox,VAChT^flox/flox,OK_VAChTfxControls_HeteroSequence,Single-housed,Diurnal light cycle,Dr. Marco Prado - Robarts Research Institute - Ornela-Kljakic,Long_Sequence,,,5C_Touch Must Touch - long sequence - Helena,EXTINCTION TRAIN_long sequence,30,3600,2017-05-18 10:02:54 AM,55,36,45,56,125,12.79203333333333,6.5045333333333355,4.344733333333334,1.1012413793103453,0.2587666666666667,1.51,5.0264295302013435,169,1009.866,30,25,6,15,26,95
DF48m5,3_6       ,m,VAChT^flox/flox,VAChT^flox/flox,OK_VAChTfxControls_HeteroSequence,Single-housed,Diurnal light cycle,Dr. Marco Prado - Robarts Research Institute - Ornela-Kljakic,Long_Sequence,,,5C_Touch Must Touch - long sequence - Helena,EXTINCTION TRAIN_long sequence,30,3600,2017-05-31 10:39:14 AM,78,107,140,146,90,28.72306666666667,11.438,11.390466666666669,8.505933333333333,7.301633333333331,1.9996,13.471820000000003,411,2295.917,30,48,77,110,116,60
DF59m1,3_6       ,m,VAChT^flox/flox,VAChT^flox/flox,OK_VAChTfxControls_HeteroSequence,Single-housed,Diurnal light cycle,Dr. Marco Prado - Robarts Research Institute - Ornela-Kljakic,Long_Sequence,,,5C_Touch Must Touch - long sequence - Helena,EXTINCTION TRAIN_long sequence,30,3600,2017-05-11 9:22:30 AM,73,42,87,59,150,62.77196296296297,23.609074074074076,10.30248148148148,11.260296296296296,17.816538461538464,1.1257307692307694,25.206813432835816,277,3600,26,47,16,61,33,124
DF59m1,3_6       ,m,VAChT^flox/flox,VAChT^flox/flox,OK_VAChTfxControls_HeteroSequence,Single-housed,Diurnal light cycle,Dr. Marco Prado - Robarts Research Institute - Ornela-Kljakic,Long_Sequence,,,5C_Touch Must Touch - long sequence - Helena,EXTINCTION TRAIN_long sequence,30,3600,2017-05-16 9:52:31 AM,56,46,87,73,112,51.37403333333332,19.03516666666667,3.4646999999999997,2.0374333333333334,2.7844,1.3218999999999999,15.739146666666668,222,2616.559,30,26,16,57,43,82
DF59m1,3_6       ,m,VAChT^flox/flox,VAChT^flox/flox,OK_VAChTfxControls_HeteroSequence,Single-housed,Diurnal light cycle,Dr. Marco Prado - Robarts Research Institute - Ornela-Kljakic,Long_Sequence,,,5C_Touch Must Touch - long sequence - Helena,EXTINCTION TRAIN_long sequence,30,3600,2017-05-26 9:50:47 AM,74,36,86,92,101,25.704599999999996,9.733899999999998,2.7094000000000005,1.5268965517241375,0.8966333333333332,1.5554333333333334,8.158496644295301,239,1478.55,30,44,6,56,62,71
DF59m2,3_6       ,m,VAChT^flox/flox,VAChT^flox/flox,OK_VAChTfxControls_HeteroSequence,Single-housed,Diurnal light cycle,Dr. Marco Prado - Robarts Research Institute - Ornela-Kljakic,Long_Sequence,,,5C_Touch Must Touch - long sequence - Helena,EXTINCTION TRAIN_long sequence,30,3600,2017-05-26 9:57:30 AM,84,52,96,63,169,23.896766666666664,19.15523333333333,2.7147666666666668,3.1421333333333346,2.8363000000000005,1.2658333333333334,10.349039999999997,314,1805.906,30,54,22,66,33,139
DF63m4,3_6       ,m,VAChT^flox/flox,VAChT^flox/flox,OK_VAChTfxControls_HeteroSequence,Single-housed,Diurnal light cycle,Dr. Marco Prado - Robarts Research Institute - Ornela-Kljakic,Long_Sequence,,,5C_Touch Must Touch - long sequence - Helena,EXTINCTION TRAIN_long sequence,30,3600,2017-07-18 9:21:06 AM,51,45,95,87,113,8.687366666666668,4.066000000000001,2.138100000000001,1.3576333333333332,0.6919666666666667,1.0836333333333337,3.388213333333334,240,756.62,30,21,15,65,57,83
DF63m4,3_6       ,m,VAChT^flox/flox,VAChT^flox/flox,OK_VAChTfxControls_HeteroSequence,Single-housed,Diurnal light cycle,Dr. Marco Prado - Robarts Research Institute - Ornela-Kljakic,Long_Sequence,,,5C_Touch Must Touch - long sequence - Helena,EXTINCTION TRAIN_long sequence,30,3600,2017-07-20 10:41:04 AM,62,38,40,68,152,6.144700000000001,9.3757,2.7364,1.7865999999999997,0.49179999999999985,0.9004999999999999,4.10704,209,859.169,30,32,8,10,38,122
DF63m4,3_6       ,m,VAChT^flox/flox,VAChT^flox/flox,OK_VAChTfxControls_HeteroSequence,Single-housed,Diurnal light cycle,Dr. Marco Prado - Robarts Research Institute - Ornela-Kljakic,Long_Sequence,,,5C_Touch Must Touch - long sequence - Helena,EXTINCTION TRAIN_long sequence,30,3600,2017-07-27 9:46:06 AM,91,31,31,75,150,3.2521666666666667,9.0359,3.517533333333333,5.775366666666666,0.5283333333333333,1.0836000000000003,4.421860000000002,228,911.318,30,61,1,1,45,120
DF79m1,3_6       ,m,VAChT^flox/flox,VAChT^flox/flox,OK_VAChTfxControls_HeteroSequence,Single-housed,Diurnal light cycle,Dr. Marco Prado - Robarts Research Institute - Ornela-Kljakic,Long_Sequence,,,5C_Touch Must Touch - long sequence - Helena,EXTINCTION TRAIN_long sequence,30,3600,2017-11-23 11:38:41 AM,132,179,205,161,115,25.989033333333335,8.079666666666665,23.51803333333334,7.639166666666666,9.806766666666666,1.7276666666666665,15.006533333333346,642,2518.232,30,102,149,175,131,85
DF79m4,3_6       ,m,VAChT^flox/flox,VAChT^flox/flox,OK_VAChTfxControls_HeteroSequence,Single-housed,Diurnal light cycle,Dr. Marco Prado - Robarts Research Institute - Ornela-Kljakic,Long_Sequence,,,5C_Touch Must Touch - long sequence - Helena,EXTINCTION TRAIN_long sequence,30,3600,2017-11-13 11:26:48 AM,107,33,62,42,109,28.58429411764706,113.34062499999999,15.977437500000002,36.7854375,18.324,1.2059375,42.4292962962963,272,3600,16,91,17,46,26,93
DF79m4,3_6       ,m,VAChT^flox/flox,VAChT^flox/flox,OK_VAChTfxControls_HeteroSequence,Single-housed,Diurnal light cycle,Dr. Marco Prado - Robarts Research Institute - Ornela-Kljakic,Long_Sequence,,,5C_Touch Must Touch - long sequence - Helena,EXTINCTION TRAIN_long sequence,30,3600,2017-11-15 11:45:15 AM,38,63,98,89,84,15.84713333333333,9.158899999999996,1.0705333333333336,1.0871,0.8129000000000002,0.9486333333333334,5.59531333333333,222,1083.442,30,8,33,68,59,54
DF79m4,3_6       ,m,VAChT^flox/flox,VAChT^flox/flox,OK_VAChTfxControls_HeteroSequence,Single-housed,Diurnal light cycle,Dr. Marco Prado - Robarts Research Institute - Ornela-Kljakic,Long_Sequence,,,5C_Touch Must Touch - long sequence - Helena,EXTINCTION TRAIN_long sequence,30,3600,2017-11-24 12:23:56 PM,36,43,49,48,90,10.840666666666666,2.8349999999999995,1.1535999999999997,1.3949,0.43746666666666656,1.2061000000000002,3.332326666666668,116,751.913,30,6,13,19,18,60
DF79m5,3_6       ,m,VAChT^flox/flox,VAChT^flox/flox,OK_VAChTfxControls_HeteroSequence,Single-housed,Diurnal light cycle,Dr. Marco Prado - Robarts Research Institute - Ornela-Kljakic,Long_Sequence,,,5C_Touch Must Touch - long sequence - Helena,EXTINCTION TRAIN_long sequence,30,3600,2017-11-15 11:55:06 AM,82,49,73,52,93,8.728533333333335,9.082866666666666,11.806766666666668,2.749933333333333,0.7686896551724138,1.3489999999999998,6.666677852348992,200,1249.209,30,52,19,43,22,63
DF48m1,3_6       ,m,VAChT^flox/flox,VAChT^flox/flox,OK_VAChTfxControls_HeteroSequence,Single-housed,Diurnal light cycle,Dr. Marco Prado - Robarts Research Institute - Ornela-Kljakic,Long_Sequence,,,5C_Touch Must Touch - long sequence - Helena,EXTINCTION TRAIN_long sequence,30,3600,2017-05-29 10:26:11 AM,86,32,38,71,173,21.426633333333324,17.183633333333333,4.275600000000001,1.9036,0.8005666666666665,1.3231333333333333,9.118006666666657,250,1622.622,30,56,2,8,41,143
DF48m1,3_6       ,m,VAChT^flox/flox,VAChT^flox/flox,OK_VAChTfxControls_HeteroSequence,Single-housed,Diurnal light cycle,Dr. Marco Prado - Robarts Research Institute - Ornela-Kljakic,Long_Sequence,,,5C_Touch Must Touch - long sequence - Helena,EXTINCTION TRAIN_long sequence,30,3600,2017-05-31 10:38:47 AM,59,31,48,63,156,24.7801,14.716033333333332,4.596666666666668,2.2581666666666664,1.4478666666666664,1.0962666666666665,9.559766666666665,207,1682.056,30,29,1,18,33,126
DF48m5,3_6       ,m,VAChT^flox/flox,VAChT^flox/flox,OK_VAChTfxControls_HeteroSequence,Single-housed,Diurnal light cycle,Dr. Marco Prado - Robarts Research Institute - Ornela-Kljakic,Long_Sequence,,,5C_Touch Must Touch - long sequence - Helena,EXTINCTION TRAIN_long sequence,30,3600,2017-06-02 9:55:38 AM,68,50,106,117,110,19.63126666666666,10.671933333333332,5.0521666666666665,4.008666666666666,4.233133333333333,1.6644,8.719433333333335,301,1573.063,30,38,20,76,87,80
DF48m5,3_6       ,m,VAChT^flox/flox,VAChT^flox/flox,OK_VAChTfxControls_HeteroSequence,Single-housed,Diurnal light cycle,Dr. Marco Prado - Robarts Research Institute - Ornela-Kljakic,Long_Sequence,,,5C_Touch Must Touch - long sequence - Helena,EXTINCTION TRAIN_long sequence,30,3600,2017-06-06 10:16:35 AM,40,39,79,77,64,6.4407000000000005,3.9783333333333344,1.4782999999999997,1.0431666666666668,0.9700666666666667,1.5159666666666667,2.782113333333333,149,677.996,30,10,9,49,47,34
DF48m6,3_6       ,m,VAChT^flox/flox,VAChT^flox/flox,OK_VAChTfxControls_HeteroSequence,Single-housed,Diurnal light cycle,Dr. Marco Prado - Robarts Research Institute - Ornela-Kljakic,Long_Sequence,,,5C_Touch Must Touch - long sequence - Helena,EXTINCTION TRAIN_long sequence,30,3600,2017-05-19 10:18:19 AM,88,41,56,63,96,11.121566666666666,6.210999999999999,2.6301666666666663,4.764233333333333,2.1959666666666666,1.3914000000000006,5.38458666666667,194,1064.797,30,58,11,26,33,66
DF48m6,3_6       ,m,VAChT^flox/flox,VAChT^flox/flox,OK_VAChTfxControls_HeteroSequence,Single-housed,Diurnal light cycle,Dr. Marco Prado - Robarts Research Institute - Ornela-Kljakic,Long_Sequence,,,5C_Touch Must Touch - long sequence - Helena,EXTINCTION TRAIN_long sequence,30,3600,2017-05-24 12:22:18 PM,53,38,51,59,96,9.881533333333332,3.704299999999999,2.7450999999999994,1.3950666666666665,0.5379666666666666,1.2410333333333332,3.6527933333333347,147,800.687,30,23,8,21,29,66
DF59m2,3_6       ,m,VAChT^flox/flox,VAChT^flox/flox,OK_VAChTfxControls_HeteroSequence,Single-housed,Diurnal light cycle,Dr. Marco Prado - Robarts Research Institute - Ornela-Kljakic,Long_Sequence,,,5C_Touch Must Touch - long sequence - Helena,EXTINCTION TRAIN_long sequence,30,3600,2017-05-30 10:34:20 AM,60,44,51,60,125,17.533733333333334,4.556366666666667,5.930066666666666,2.154733333333333,0.7981999999999999,1.2342,6.194619999999997,190,1181.815,30,30,14,21,30,95
DF59m2,3_6       ,m,VAChT^flox/flox,VAChT^flox/flox,OK_VAChTfxControls_HeteroSequence,Single-housed,Diurnal light cycle,Dr. Marco Prado - Robarts Research Institute - Ornela-Kljakic,Long_Sequence,,,5C_Touch Must Touch - long sequence - Helena,EXTINCTION TRAIN_long sequence,30,3600,2017-06-01 10:14:58 AM,46,45,54,43,61,13.232266666666666,7.131433333333333,1.0688333333333333,1.3012666666666668,0.9274666666666668,1.329,4.732253333333334,99,965.484,30,16,15,24,13,31
DF63m3,3_6       ,m,VAChT^flox/flox,VAChT^flox/flox,OK_VAChTfxControls_HeteroSequence,Single-housed,Diurnal light cycle,Dr. Marco Prado - Robarts Research Institute - Ornela-Kljakic,Long_Sequence,,,5C_Touch Must Touch - long sequence - Helena,EXTINCTION TRAIN_long sequence,30,3600,2017-08-09 11:26:13 AM,65,41,38,42,59,5.057333333333333,2.1068,1.7907333333333328,2.271833333333333,1.5535666666666663,1.1567333333333332,2.5560533333333333,94,633.599,30,35,11,8,12,29
DF63m4,3_6       ,m,VAChT^flox/flox,VAChT^flox/flox,OK_VAChTfxControls_HeteroSequence,Single-housed,Diurnal light cycle,Dr. Marco Prado - Robarts Research Institute - Ornela-Kljakic,Long_Sequence,,,5C_Touch Must Touch - long sequence - Helena,EXTINCTION TRAIN_long sequence,30,3600,2017-07-14 9:54:06 AM,92,68,102,109,112,22.414533333333335,20.627133333333333,14.721233333333334,3.246833333333334,1.675633333333333,1.4407333333333332,12.537073333333343,331,2141.166,30,62,38,72,79,82
DF79m1,3_6       ,m,VAChT^flox/flox,VAChT^flox/flox,OK_VAChTfxControls_HeteroSequence,Single-housed,Diurnal light cycle,Dr. Marco Prado - Robarts Research Institute - Ornela-Kljakic,Long_Sequence,,,5C_Touch Must Touch - long sequence - Helena,EXTINCTION TRAIN_long sequence,30,3600,2017-11-27 11:10:30 AM,56,42,65,87,75,7.5367,1.8164333333333336,2.936,0.7837666666666666,0.8572666666666666,1.1037,2.786033333333334,175,666.452,30,26,12,35,57,45
DF79m1,3_6       ,m,VAChT^flox/flox,VAChT^flox/flox,OK_VAChTfxControls_HeteroSequence,Single-housed,Diurnal light cycle,Dr. Marco Prado - Robarts Research Institute - Ornela-Kljakic,Long_Sequence,,,5C_Touch Must Touch - long sequence - Helena,EXTINCTION TRAIN_long sequence,30,3600,2017-11-29 11:49:07 AM,60,40,51,87,122,9.011133333333332,13.477933333333336,11.181633333333334,1.3847666666666671,0.7438,1.1357666666666666,7.1598533333333325,210,1323.66,30,30,10,21,57,92
DF79m2,3_6       ,m,VAChT^flox/flox,VAChT^flox/flox,OK_VAChTfxControls_HeteroSequence,Single-housed,Diurnal light cycle,Dr. Marco Prado - Robarts Research Institute - Ornela-Kljakic,Long_Sequence,,,5C_Touch Must Touch - long sequence - Helena,EXTINCTION TRAIN_long sequence,30,3600,2017-11-22 11:14:57 AM,40,36,38,44,58,5.6958666666666655,2.0423000000000004,0.9861333333333334,0.6859999999999999,0.6852333333333334,1.0951333333333333,2.0191066666666666,64,552.928,30,10,6,8,14,28
DF79m2,3_6       ,m,VAChT^flox/flox,VAChT^flox/flox,OK_VAChTfxControls_HeteroSequence,Single-housed,Diurnal light cycle,Dr. Marco Prado - Robarts Research Institute - Ornela-Kljakic,Long_Sequence,,,5C_Touch Must Touch - long sequence - Helena,EXTINCTION TRAIN_long sequence,30,3600,2017-11-24 12:15:50 PM,42,35,36,42,63,18.0294,2.9312,0.6724666666666667,0.5711999999999999,0.8279333333333333,0.9901,4.606440000000003,68,936.084,30,12,5,6,12,33
DF79m5,3_6       ,m,VAChT^flox/flox,VAChT^flox/flox,OK_VAChTfxControls_HeteroSequence,Single-housed,Diurnal light cycle,Dr. Marco Prado - Robarts Research Institute - Ornela-Kljakic,Long_Sequence,,,5C_Touch Must Touch - long sequence - Helena,EXTINCTION TRAIN_long sequence,30,3600,2017-11-17 12:23:23 PM,47,67,77,53,85,11.41016666666667,3.725066666666667,3.1430666666666665,0.9660333333333332,0.5566333333333334,1.2251333333333332,3.9601933333333332,174,849.28,30,17,37,47,23,55
DF79m5,3_6       ,m,VAChT^flox/flox,VAChT^flox/flox,OK_VAChTfxControls_HeteroSequence,Single-housed,Diurnal light cycle,Dr. Marco Prado - Robarts Research Institute - Ornela-Kljakic,Long_Sequence,,,5C_Touch Must Touch - long sequence - Helena,EXTINCTION TRAIN_long sequence,30,3600,2017-11-21 10:53:13 AM,56,41,64,48,75,6.421566666666666,4.091633333333333,0.5718666666666666,1.9101333333333335,0.6464333333333333,1.0423333333333331,2.728326666666666,134,656.251,30,26,11,34,18,45
DF48m1,3_6       ,m,VAChT^flox/flox,VAChT^flox/flox,OK_VAChTfxControls_HeteroSequence,Single-housed,Diurnal light cycle,Dr. Marco Prado - Robarts Research Institute - Ornela-Kljakic,Long_Sequence,,,5C_Touch Must Touch - long sequence - Helena,EXTINCTION TRAIN_long sequence,30,3600,2017-05-18 10:13:04 AM,60,36,46,114,143,14.767433333333335,12.714399999999996,6.203733333333333,1.7759999999999996,3.9586666666666663,1.2092333333333334,7.884046666666666,250,1434.079,30,30,6,16,84,113
DF48m1,3_6       ,m,VAChT^flox/flox,VAChT^flox/flox,OK_VAChTfxControls_HeteroSequence,Single-housed,Diurnal light cycle,Dr. Marco Prado - Robarts Research Institute - Ornela-Kljakic,Long_Sequence,,,5C_Touch Must Touch - long sequence - Helena,EXTINCTION TRAIN_long sequence,30,3600,2017-05-19 10:24:59 AM,64,38,37,107,153,7.158033333333333,13.492400000000005,4.333600000000001,2.9752666666666667,0.8197333333333335,0.9993000000000001,5.7558066666666665,248,1109.524,30,34,8,7,77,123
DF48m3,3_6       ,m,VAChT^flox/flox,VAChT^flox/flox,OK_VAChTfxControls_HeteroSequence,Single-housed,Diurnal light cycle,Dr. Marco Prado - Robarts Research Institute - Ornela-Kljakic,Long_Sequence,,,5C_Touch Must Touch - long sequence - Helena,EXTINCTION TRAIN_long sequence,30,3600,2017-05-10 9:24:33 AM,86,37,66,80,110,24.145933333333335,18.353099999999998,2.7950333333333335,1.773933333333333,1.702966666666667,1.5593000000000004,9.754193333333333,229,1725.339,30,56,7,36,50,80
DF48m3,3_6       ,m,VAChT^flox/flox,VAChT^flox/flox,OK_VAChTfxControls_HeteroSequence,Single-housed,Diurnal light cycle,Dr. Marco Prado - Robarts Research Institute - Ornela-Kljakic,Long_Sequence,,,5C_Touch Must Touch - long sequence - Helena,EXTINCTION TRAIN_long sequence,30,3600,2017-05-11 9:23:36 AM,55,49,47,74,117,21.041266666666665,8.227633333333333,1.7407,1.239866666666667,0.5009333333333333,1.4092,6.55008,192,1240.24,30,25,19,17,44,87
DF48m6,3_6       ,m,VAChT^flox/flox,VAChT^flox/flox,OK_VAChTfxControls_HeteroSequence,Single-housed,Diurnal light cycle,Dr. Marco Prado - Robarts Research Institute - Ornela-Kljakic,Long_Sequence,,,5C_Touch Must Touch - long sequence - Helena,EXTINCTION TRAIN_long sequence,30,3600,2017-05-08 9:46:24 AM,59,46,105,92,59,10.668599999999998,11.411100000000001,2.1076333333333332,2.2534000000000005,2.6434666666666673,1.2971,5.816840000000001,211,1127.407,30,29,16,75,62,29
DF48m6,3_6       ,m,VAChT^flox/flox,VAChT^flox/flox,OK_VAChTfxControls_HeteroSequence,Single-housed,Diurnal light cycle,Dr. Marco Prado - Robarts Research Institute - Ornela-Kljakic,Long_Sequence,,,5C_Touch Must Touch - long sequence - Helena,EXTINCTION TRAIN_long sequence,30,3600,2017-05-09 9:43:41 AM,62,42,74,138,88,19.5836,5.237933333333332,1.5956000000000004,1.3156333333333339,2.2370666666666668,1.287233333333333,5.993966666666668,254,1154.255,30,32,12,44,108,58
DF59m1,3_6       ,m,VAChT^flox/flox,VAChT^flox/flox,OK_VAChTfxControls_HeteroSequence,Single-housed,Diurnal light cycle,Dr. Marco Prado - Robarts Research Institute - Ornela-Kljakic,Long_Sequence,,,5C_Touch Must Touch - long sequence - Helena,EXTINCTION TRAIN_long sequence,30,3600,2017-05-17 12:07:03 PM,56,49,99,69,82,39.89536666666667,9.075099999999999,10.512800000000004,4.885566666666666,1.2429333333333332,1.3459333333333334,13.122353333333333,205,2225.724,30,26,19,69,39,52
DF59m1,3_6       ,m,VAChT^flox/flox,VAChT^flox/flox,OK_VAChTfxControls_HeteroSequence,Single-housed,Diurnal light cycle,Dr. Marco Prado - Robarts Research Institute - Ornela-Kljakic,Long_Sequence,,,5C_Touch Must Touch - long sequence - Helena,EXTINCTION TRAIN_long sequence,30,3600,2017-05-23 10:01:44 AM,80,43,74,77,121,40.739066666666645,28.079,7.5177,3.9140666666666655,6.034633333333331,1.6374666666666664,17.256893333333323,246,2853.049,30,50,13,44,47,91
DF59m1,3_6       ,m,VAChT^flox/flox,VAChT^flox/flox,OK_VAChTfxControls_HeteroSequence,Single-housed,Diurnal light cycle,Dr. Marco Prado - Robarts Research Institute - Ornela-Kljakic,Long_Sequence,,,5C_Touch Must Touch - long sequence - Helena,EXTINCTION TRAIN_long sequence,30,3600,2017-05-24 12:02:49 PM,103,35,62,93,180,40.79203333333334,44.892399999999995,9.405400000000002,2.417333333333333,0.5108666666666666,1.3893333333333333,19.603606666666657,323,3198.76,30,73,5,32,63,150
DF59m2,3_6       ,m,VAChT^flox/flox,VAChT^flox/flox,OK_VAChTfxControls_HeteroSequence,Single-housed,Diurnal light cycle,Dr. Marco Prado - Robarts Research Institute - Ornela-Kljakic,Long_Sequence,,,5C_Touch Must Touch - long sequence - Helena,EXTINCTION TRAIN_long sequence,30,3600,2017-06-08 9:58:19 AM,58,39,37,34,51,7.938300000000002,4.932466666666667,0.7244827586206896,0.6222666666666666,0.26336666666666664,1.1657,2.910751677852349,69,684.369,30,28,9,7,4,21
DF63m3,3_6       ,m,VAChT^flox/flox,VAChT^flox/flox,OK_VAChTfxControls_HeteroSequence,Single-housed,Diurnal light cycle,Dr. Marco Prado - Robarts Research Institute - Ornela-Kljakic,Long_Sequence,,,5C_Touch Must Touch - long sequence - Helena,EXTINCTION TRAIN_long sequence,30,3600,2017-07-26 10:05:23 AM,73,67,153,87,131,14.3766,33.17976666666667,3.3897333333333326,3.1526333333333336,1.6290666666666664,1.1974333333333333,11.145560000000001,361,1923.265,30,43,37,123,57,101
DF63m4,3_6       ,m,VAChT^flox/flox,VAChT^flox/flox,OK_VAChTfxControls_HeteroSequence,Single-housed,Diurnal light cycle,Dr. Marco Prado - Robarts Research Institute - Ornela-Kljakic,Long_Sequence,,,5C_Touch Must Touch - long sequence - Helena,EXTINCTION TRAIN_long sequence,30,3600,2017-07-24 10:28:20 AM,48,43,38,80,151,5.601733333333333,5.111966666666666,3.894833333333333,2.925366666666667,1.1439999999999995,0.9130333333333335,3.7355800000000015,210,803.372,30,18,13,8,50,121
DF63m4,3_6       ,m,VAChT^flox/flox,VAChT^flox/flox,OK_VAChTfxControls_HeteroSequence,Single-housed,Diurnal light cycle,Dr. Marco Prado - Robarts Research Institute - Ornela-Kljakic,Long_Sequence,,,5C_Touch Must Touch - long sequence - Helena,EXTINCTION TRAIN_long sequence,30,3600,2017-07-25 9:47:09 AM,45,40,32,58,89,2.266799999999999,1.818466666666667,1.5714,4.056066666666667,0.40610000000000007,1.0126333333333333,2.023766666666667,114,549.812,30,15,10,2,28,59
DF79m2,3_6       ,m,VAChT^flox/flox,VAChT^flox/flox,OK_VAChTfxControls_HeteroSequence,Single-housed,Diurnal light cycle,Dr. Marco Prado - Robarts Research Institute - Ornela-Kljakic,Long_Sequence,,,5C_Touch Must Touch - long sequence - Helena,EXTINCTION TRAIN_long sequence,30,3600,2017-11-14 10:51:05 AM,48,50,48,71,110,18.429933333333334,7.084433333333335,16.39783333333333,3.1249666666666664,4.147766666666668,1.2086000000000001,9.836986666666663,177,1727.141,30,18,20,18,41,80
DF79m2,3_6       ,m,VAChT^flox/flox,VAChT^flox/flox,OK_VAChTfxControls_HeteroSequence,Single-housed,Diurnal light cycle,Dr. Marco Prado - Robarts Research Institute - Ornela-Kljakic,Long_Sequence,,,5C_Touch Must Touch - long sequence - Helena,EXTINCTION TRAIN_long sequence,30,3600,2017-11-15 11:55:33 AM,66,44,50,70,113,16.520833333333332,12.142033333333334,2.926066666666667,2.216966666666667,3.3335333333333326,1.192966666666667,7.427886666666665,193,1365.503,30,36,14,20,40,83
DF79m4,3_6       ,m,VAChT^flox/flox,VAChT^flox/flox,OK_VAChTfxControls_HeteroSequence,Single-housed,Diurnal light cycle,Dr. Marco Prado - Robarts Research Institute - Ornela-Kljakic,Long_Sequence,,,5C_Touch Must Touch - long sequence - Helena,EXTINCTION TRAIN_long sequence,30,3600,2017-11-17 1:14:06 PM,47,62,89,91,140,11.2154,4.8652,7.387699999999999,1.4991,0.9033793103448275,1.0231666666666668,5.202818791946306,280,1021.492,30,17,32,59,61,110
DF79m4,3_6       ,m,VAChT^flox/flox,VAChT^flox/flox,OK_VAChTfxControls_HeteroSequence,Single-housed,Diurnal light cycle,Dr. Marco Prado - Robarts Research Institute - Ornela-Kljakic,Long_Sequence,,,5C_Touch Must Touch - long sequence - Helena,EXTINCTION TRAIN_long sequence,30,3600,2017-11-20 12:39:45 PM,48,62,74,62,123,14.991166666666667,5.1775,1.3380666666666665,6.322433333333332,0.8213666666666667,1.1223666666666667,5.730106666666667,219,1108.717,30,18,32,44,32,93
DF79m4,3_6       ,m,VAChT^flox/flox,VAChT^flox/flox,OK_VAChTfxControls_HeteroSequence,Single-housed,Diurnal light cycle,Dr. Marco Prado - Robarts Research Institute - Ornela-Kljakic,Long_Sequence,,,5C_Touch Must Touch - long sequence - Helena,EXTINCTION TRAIN_long sequence,30,3600,2017-11-23 11:35:07 AM,39,46,51,56,147,13.91726666666667,2.6692333333333336,1.2258,2.0798666666666663,0.5622666666666667,1.1272999999999997,4.090886666666665,189,863.022,30,9,16,21,26,117
DF48m1,3_6       ,m,VAChT^flox/flox,VAChT^flox/flox,OK_VAChTfxControls_HeteroSequence,Single-housed,Diurnal light cycle,Dr. Marco Prado - Robarts Research Institute - Ornela-Kljakic,Long_Sequence,,,5C_Touch Must Touch - long sequence - Helena,EXTINCTION TRAIN_long sequence,30,3600,2017-05-17 12:00:08 PM,85,50,89,90,87,24.258200000000002,9.168933333333335,8.2561,1.7609666666666663,4.379700000000001,1.5825999999999998,9.564779999999995,251,1697.392,30,55,20,59,60,57
DF48m3,3_6       ,m,VAChT^flox/flox,VAChT^flox/flox,OK_VAChTfxControls_HeteroSequence,Single-housed,Diurnal light cycle,Dr. Marco Prado - Robarts Research Institute - Ornela-Kljakic,Long_Sequence,,,5C_Touch Must Touch - long sequence - Helena,EXTINCTION TRAIN_long sequence,30,3600,2017-05-12 9:54:12 AM,61,44,78,68,121,21.9379,11.823033333333335,2.874,0.8318620689655174,0.3869,1.3067,7.6159664429530185,223,1389.961,30,31,14,48,38,91
DF48m3,3_6       ,m,VAChT^flox/flox,VAChT^flox/flox,OK_VAChTfxControls_HeteroSequence,Single-housed,Diurnal light cycle,Dr. Marco Prado - Robarts Research Institute - Ornela-Kljakic,Long_Sequence,,,5C_Touch Must Touch - long sequence - Helena,EXTINCTION TRAIN_long sequence,30,3600,2017-05-16 9:53:36 AM,64,36,65,96,143,13.841433333333335,8.422333333333334,3.0465666666666675,2.318933333333333,0.6551333333333333,1.3265999999999998,5.656879999999998,254,1105.058,30,34,6,35,66,113
DF48m5,3_6       ,m,VAChT^flox/flox,VAChT^flox/flox,OK_VAChTfxControls_HeteroSequence,Single-housed,Diurnal light cycle,Dr. Marco Prado - Robarts Research Institute - Ornela-Kljakic,Long_Sequence,,,5C_Touch Must Touch - long sequence - Helena,EXTINCTION TRAIN_long sequence,30,3600,2017-06-14 12:05:03 PM,57,56,51,54,71,7.7829999999999995,2.2625666666666664,3.518900000000001,2.5386,1.8529333333333335,1.2619333333333336,3.5912000000000006,139,791.727,30,27,26,21,24,41
DF48m6,3_6       ,m,VAChT^flox/flox,VAChT^flox/flox,OK_VAChTfxControls_HeteroSequence,Single-housed,Diurnal light cycle,Dr. Marco Prado - Robarts Research Institute - Ornela-Kljakic,Long_Sequence,,,5C_Touch Must Touch - long sequence - Helena,EXTINCTION TRAIN_long sequence,30,3600,2017-05-10 9:30:11 AM,45,32,54,81,76,7.807099999999999,8.224866666666667,1.0229333333333333,0.7364000000000002,0.7329666666666667,1.2360333333333335,3.7048533333333324,138,808.814,30,15,2,24,51,46
DF59m1,3_6       ,m,VAChT^flox/flox,VAChT^flox/flox,OK_VAChTfxControls_HeteroSequence,Single-housed,Diurnal light cycle,Dr. Marco Prado - Robarts Research Institute - Ornela-Kljakic,Long_Sequence,,,5C_Touch Must Touch - long sequence - Helena,EXTINCTION TRAIN_long sequence,30,3600,2017-05-18 10:01:35 AM,79,36,70,59,96,46.80513333333333,23.2015,3.4698333333333338,3.8690000000000007,0.7872666666666669,1.540566666666667,15.626546666666666,190,2605.66,30,49,6,40,29,66
DF59m1,3_6       ,m,VAChT^flox/flox,VAChT^flox/flox,OK_VAChTfxControls_HeteroSequence,Single-housed,Diurnal light cycle,Dr. Marco Prado - Robarts Research Institute - Ornela-Kljakic,Long_Sequence,,,5C_Touch Must Touch - long sequence - Helena,EXTINCTION TRAIN_long sequence,30,3600,2017-05-19 10:08:38 AM,82,44,49,61,96,39.03363333333333,25.005700000000004,14.534633333333334,2.722833333333334,0.8918666666666667,1.6518666666666662,16.437733333333334,182,2730.743,30,52,14,19,31,66
DF63m3,3_6       ,m,VAChT^flox/flox,VAChT^flox/flox,OK_VAChTfxControls_HeteroSequence,Single-housed,Diurnal light cycle,Dr. Marco Prado - Robarts Research Institute - Ornela-Kljakic,Long_Sequence,,,5C_Touch Must Touch - long sequence - Helena,EXTINCTION TRAIN_long sequence,30,3600,2017-07-27 9:44:27 AM,113,51,119,87,238,10.058766666666665,43.38260000000001,24.946533333333335,3.1892666666666663,1.3941666666666668,1.0885,16.59426666666667,458,2737.337,30,83,21,89,57,208
DF63m3,3_6       ,m,VAChT^flox/flox,VAChT^flox/flox,OK_VAChTfxControls_HeteroSequence,Single-housed,Diurnal light cycle,Dr. Marco Prado - Robarts Research Institute - Ornela-Kljakic,Long_Sequence,,,5C_Touch Must Touch - long sequence - Helena,EXTINCTION TRAIN_long sequence,30,3600,2017-07-28 9:35:37 AM,54,46,57,72,63,10.032533333333333,3.132766666666667,7.531033333333332,0.9988333333333335,0.5549999999999999,1.4058333333333335,4.450033333333333,142,925.159,30,24,16,27,42,33
DF63m4,3_6       ,m,VAChT^flox/flox,VAChT^flox/flox,OK_VAChTfxControls_HeteroSequence,Single-housed,Diurnal light cycle,Dr. Marco Prado - Robarts Research Institute - Ornela-Kljakic,Long_Sequence,,,5C_Touch Must Touch - long sequence - Helena,EXTINCTION TRAIN_long sequence,30,3600,2017-07-21 9:30:27 AM,47,36,41,61,93,2.9067000000000007,1.9604666666666668,1.4126666666666667,1.0907333333333333,0.30696666666666667,0.9940333333333335,1.5355066666666668,128,475.6,30,17,6,11,31,63
DF63m4,3_6       ,m,VAChT^flox/flox,VAChT^flox/flox,OK_VAChTfxControls_HeteroSequence,Single-housed,Diurnal light cycle,Dr. Marco Prado - Robarts Research Institute - Ornela-Kljakic,Long_Sequence,,,5C_Touch Must Touch - long sequence - Helena,EXTINCTION TRAIN_long sequence,30,3600,2017-07-26 10:07:14 AM,46,38,31,72,114,4.114599999999999,3.1827333333333327,2.770066666666666,1.1879666666666666,0.621655172413793,0.8737333333333335,2.3871744966442954,151,597.509,30,16,8,1,42,84
DF79m2,3_6       ,m,VAChT^flox/flox,VAChT^flox/flox,OK_VAChTfxControls_HeteroSequence,Single-housed,Diurnal light cycle,Dr. Marco Prado - Robarts Research Institute - Ornela-Kljakic,Long_Sequence,,,5C_Touch Must Touch - long sequence - Helena,EXTINCTION TRAIN_long sequence,30,3600,2017-11-10 10:20:29 AM,64,58,111,75,73,33.81436666666666,2.582399999999999,4.250899999999999,3.7128333333333337,3.5049333333333332,1.5691999999999997,9.573086666666669,232,1698.74,30,34,28,81,45,43
DF79m2,3_6       ,m,VAChT^flox/flox,VAChT^flox/flox,OK_VAChTfxControls_HeteroSequence,Single-housed,Diurnal light cycle,Dr. Marco Prado - Robarts Research Institute - Ornela-Kljakic,Long_Sequence,,,5C_Touch Must Touch - long sequence - Helena,EXTINCTION TRAIN_long sequence,30,3600,2017-11-13 11:51:28 AM,79,60,59,71,105,27.77313333333334,23.229366666666667,32.63663333333333,3.0561333333333334,3.821766666666667,1.1672333333333333,18.10340666666667,224,2966.016,30,49,30,29,41,75
DF79m4,3_6       ,m,VAChT^flox/flox,VAChT^flox/flox,OK_VAChTfxControls_HeteroSequence,Single-housed,Diurnal light cycle,Dr. Marco Prado - Robarts Research Institute - Ornela-Kljakic,Long_Sequence,,,5C_Touch Must Touch - long sequence - Helena,EXTINCTION TRAIN_long sequence,30,3600,2017-11-21 10:52:43 AM,44,45,59,49,106,7.061966666666666,6.853266666666666,1.2100666666666666,1.8340999999999998,0.8579,1.0815333333333335,3.563460000000001,153,782.594,30,14,15,29,19,76
DF79m4,3_6       ,m,VAChT^flox/flox,VAChT^flox/flox,OK_VAChTfxControls_HeteroSequence,Single-housed,Diurnal light cycle,Dr. Marco Prado - Robarts Research Institute - Ornela-Kljakic,Long_Sequence,,,5C_Touch Must Touch - long sequence - Helena,EXTINCTION TRAIN_long sequence,30,3600,2017-11-22 11:08:09 AM,31,43,61,54,109,10.733066666666666,2.3003666666666667,0.9401000000000003,1.3172333333333333,0.42306666666666665,0.9502666666666667,3.142766666666667,148,715.692,30,1,13,31,24,79
DF48m1,3_6       ,m,VAChT^flox/flox,VAChT^flox/flox,OK_VAChTfxControls_HeteroSequence,Single-housed,Diurnal light cycle,Dr. Marco Prado - Robarts Research Institute - Ornela-Kljakic,Long_Sequence,,,5C_Touch Must Touch - long sequence - Helena,EXTINCTION TRAIN_long sequence,30,3600,2017-05-30 10:19:17 AM,73,33,49,59,123,20.72076666666666,12.807466666666668,7.017266666666666,1.693166666666667,0.5831333333333333,1.2875999999999996,8.56436,187,1538.552,30,43,3,19,29,93
DF48m1,3_6       ,m,VAChT^flox/flox,VAChT^flox/flox,OK_VAChTfxControls_HeteroSequence,Single-housed,Diurnal light cycle,Dr. Marco Prado - Robarts Research Institute - Ornela-Kljakic,Long_Sequence,,,5C_Touch Must Touch - long sequence - Helena,EXTINCTION TRAIN_long sequence,30,3600,2017-06-01 10:28:43 AM,56,32,40,87,201,29.386733333333325,8.563066666666664,5.707200000000001,4.441233333333334,1.4737333333333333,1.0173666666666668,9.91439333333334,266,1732.872,30,26,2,10,57,171
DF48m5,3_6       ,m,VAChT^flox/flox,VAChT^flox/flox,OK_VAChTfxControls_HeteroSequence,Single-housed,Diurnal light cycle,Dr. Marco Prado - Robarts Research Institute - Ornela-Kljakic,Long_Sequence,,,5C_Touch Must Touch - long sequence - Helena,EXTINCTION TRAIN_long sequence,30,3600,2017-06-01 11:00:18 AM,64,61,82,137,116,22.090333333333334,10.40966666666667,17.320000000000004,7.361333333333334,3.8133999999999997,1.9376666666666666,12.198946666666663,311,2103.143,30,34,31,52,107,86
DF48m5,3_6       ,m,VAChT^flox/flox,VAChT^flox/flox,OK_VAChTfxControls_HeteroSequence,Single-housed,Diurnal light cycle,Dr. Marco Prado - Robarts Research Institute - Ornela-Kljakic,Long_Sequence,,,5C_Touch Must Touch - long sequence - Helena,EXTINCTION TRAIN_long sequence,30,3600,2017-06-05 10:12:16 AM,50,53,101,90,80,8.115266666666669,2.4064666666666668,2.8991666666666664,2.1538,1.7140333333333333,1.3759333333333332,3.457746666666666,224,775.118,30,20,23,71,60,50
DF48m5,3_6       ,m,VAChT^flox/flox,VAChT^flox/flox,OK_VAChTfxControls_HeteroSequence,Single-housed,Diurnal light cycle,Dr. Marco Prado - Robarts Research Institute - Ornela-Kljakic,Long_Sequence,,,5C_Touch Must Touch - long sequence - Helena,EXTINCTION TRAIN_long sequence,30,3600,2017-06-07 12:07:20 PM,43,43,52,72,52,5.040666666666667,2.2929333333333326,1.979966666666667,0.7002,0.9360333333333333,1.3614,2.189959999999999,112,584.538,30,13,13,22,42,22
DF48m6,3_6       ,m,VAChT^flox/flox,VAChT^flox/flox,OK_VAChTfxControls_HeteroSequence,Single-housed,Diurnal light cycle,Dr. Marco Prado - Robarts Research Institute - Ornela-Kljakic,Long_Sequence,,,5C_Touch Must Touch - long sequence - Helena,EXTINCTION TRAIN_long sequence,30,3600,2017-05-18 10:08:55 AM,49,38,49,57,76,10.126100000000001,5.900366666666666,2.299333333333334,2.4164999999999996,0.3564,1.2232999999999996,4.219740000000001,119,891.204,30,19,8,19,27,46
DF48m6,3_6       ,m,VAChT^flox/flox,VAChT^flox/flox,OK_VAChTfxControls_HeteroSequence,Single-housed,Diurnal light cycle,Dr. Marco Prado - Robarts Research Institute - Ornela-Kljakic,Long_Sequence,,,5C_Touch Must Touch - long sequence - Helena,EXTINCTION TRAIN_long sequence,30,3600,2017-05-23 10:11:28 AM,55,54,49,75,97,7.833866666666666,2.7643333333333335,3.0034999999999994,0.7782333333333333,1.3497,1.2768999999999997,3.145926666666667,180,725.659,30,25,24,19,45,67
DF59m2,3_6       ,m,VAChT^flox/flox,VAChT^flox/flox,OK_VAChTfxControls_HeteroSequence,Single-housed,Diurnal light cycle,Dr. Marco Prado - Robarts Research Institute - Ornela-Kljakic,Long_Sequence,,,5C_Touch Must Touch - long sequence - Helena,EXTINCTION TRAIN_long sequence,30,3600,2017-05-29 10:19:36 AM,60,47,60,49,113,13.99643333333333,6.640466666666667,6.621600000000002,1.7156333333333333,1.2972000000000001,1.1988333333333334,6.054266666666667,179,1159.792,30,30,17,30,19,83
DF59m2,3_6       ,m,VAChT^flox/flox,VAChT^flox/flox,OK_VAChTfxControls_HeteroSequence,Single-housed,Diurnal light cycle,Dr. Marco Prado - Robarts Research Institute - Ornela-Kljakic,Long_Sequence,,,5C_Touch Must Touch - long sequence - Helena,EXTINCTION TRAIN_long sequence,30,3600,2017-05-31 10:33:16 AM,66,50,57,57,94,21.001033333333336,10.861966666666666,2.641551724137932,1.5788666666666666,1.110466666666667,1.1722666666666663,7.4709731543624125,175,1363.889,30,36,20,27,27,64
DF63m3,3_6       ,m,VAChT^flox/flox,VAChT^flox/flox,OK_VAChTfxControls_HeteroSequence,Single-housed,Diurnal light cycle,Dr. Marco Prado - Robarts Research Institute - Ornela-Kljakic,Long_Sequence,,,5C_Touch Must Touch - long sequence - Helena,EXTINCTION TRAIN_long sequence,30,3600,2017-08-08 1:56:50 PM,42,41,36,56,43,1.791933333333333,1.0480344827586205,1.0385666666666666,0.7861666666666667,1.3276333333333332,1.1249000000000002,1.1994765100671139,69,427.983,30,12,11,6,26,13
DF63m3,3_6       ,m,VAChT^flox/flox,VAChT^flox/flox,OK_VAChTfxControls_HeteroSequence,Single-housed,Diurnal light cycle,Dr. Marco Prado - Robarts Research Institute - Ornela-Kljakic,Long_Sequence,,,5C_Touch Must Touch - long sequence - Helena,EXTINCTION TRAIN_long sequence,30,3600,2017-08-10 11:39:42 AM,48,32,38,46,67,1.6586666666666663,2.2354666666666665,2.2177333333333333,1.122344827586207,1.0574333333333332,1.1433,1.6619261744966443,82,497.381,30,18,2,8,16,37
DF79m1,3_6       ,m,VAChT^flox/flox,VAChT^flox/flox,OK_VAChTfxControls_HeteroSequence,Single-housed,Diurnal light cycle,Dr. Marco Prado - Robarts Research Institute - Ornela-Kljakic,Long_Sequence,,,5C_Touch Must Touch - long sequence - Helena,EXTINCTION TRAIN_long sequence,30,3600,2017-11-28 11:52:30 AM,82,38,58,117,120,9.220366666666669,14.822,7.526566666666667,10.506533333333334,0.6120333333333332,1.0911333333333333,8.537499999999996,265,1528.792,30,52,8,28,87,90
DF79m1,3_6       ,m,VAChT^flox/flox,VAChT^flox/flox,OK_VAChTfxControls_HeteroSequence,Single-housed,Diurnal light cycle,Dr. Marco Prado - Robarts Research Institute - Ornela-Kljakic,Long_Sequence,,,5C_Touch Must Touch - long sequence - Helena,EXTINCTION TRAIN_long sequence,30,3600,2017-11-30 11:09:57 AM,44,31,47,132,79,6.227566666666667,5.356666666666666,2.2666999999999997,0.4251000000000001,0.5332666666666667,1.0523333333333333,2.9618600000000006,183,691.397,30,14,1,17,102,49
DF79m2,3_6       ,m,VAChT^flox/flox,VAChT^flox/flox,OK_VAChTfxControls_HeteroSequence,Single-housed,Diurnal light cycle,Dr. Marco Prado - Robarts Research Institute - Ornela-Kljakic,Long_Sequence,,,5C_Touch Must Touch - long sequence - Helena,EXTINCTION TRAIN_long sequence,30,3600,2017-11-23 11:40:19 AM,48,44,33,49,100,15.2354,1.795966666666667,1.9478666666666666,2.140466666666667,0.4841379310344828,1.0915333333333335,4.346516778523492,125,896.773,30,18,14,3,19,70
DF79m4,3_6       ,m,VAChT^flox/flox,VAChT^flox/flox,OK_VAChTfxControls_HeteroSequence,Single-housed,Diurnal light cycle,Dr. Marco Prado - Robarts Research Institute - Ornela-Kljakic,Long_Sequence,,,5C_Touch Must Touch - long sequence - Helena,EXTINCTION TRAIN_long sequence,30,3600,2017-11-10 10:29:24 AM,55,25,56,30,35,14.440333333333333,57.81366666666667,18.084000000000003,97.87016666666666,91.493,1.5465,55.94023333333333,140,3600,12,43,13,44,18,23
DF79m5,3_6       ,m,VAChT^flox/flox,VAChT^flox/flox,OK_VAChTfxControls_HeteroSequence,Single-housed,Diurnal light cycle,Dr. Marco Prado - Robarts Research Institute - Ornela-Kljakic,Long_Sequence,,,5C_Touch Must Touch - long sequence - Helena,EXTINCTION TRAIN_long sequence,30,3600,2017-11-20 12:36:11 PM,88,63,61,62,68,13.670300000000001,8.0525,11.368733333333333,0.8921333333333332,0.9186666666666667,1.0712666666666666,6.980466666666669,191,1296.943,30,58,33,31,32,38
DF79m5,3_6       ,m,VAChT^flox/flox,VAChT^flox/flox,OK_VAChTfxControls_HeteroSequence,Single-housed,Diurnal light cycle,Dr. Marco Prado - Robarts Research Institute - Ornela-Kljakic,Long_Sequence,,,5C_Touch Must Touch - long sequence - Helena,EXTINCTION TRAIN_long sequence,30,3600,2017-11-22 11:14:06 AM,90,46,70,42,75,9.389933333333333,8.772099999999998,5.432999999999999,0.8099,0.40393333333333337,1.0892666666666666,4.961773333333334,174,992.435,30,60,16,40,12,45
DF48m1,3_6       ,m,VAChT^flox/flox,VAChT^flox/flox,OK_VAChTfxControls_HeteroSequence,Single-housed,Diurnal light cycle,Dr. Marco Prado - Robarts Research Institute - Ornela-Kljakic,Long_Sequence,,,5C_Touch Must Touch - long sequence - Helena,EXTINCTION TRAIN_long sequence,30,3600,2017-05-24 12:28:28 PM,45,31,38,94,195,10.2585,11.337600000000004,3.797233333333333,0.7267666666666667,0.7122666666666668,1.0773666666666668,5.366473333333331,253,1052.531,30,15,1,8,64,165
DF48m1,3_6       ,m,VAChT^flox/flox,VAChT^flox/flox,OK_VAChTfxControls_HeteroSequence,Single-housed,Diurnal light cycle,Dr. Marco Prado - Robarts Research Institute - Ornela-Kljakic,Long_Sequence,,,5C_Touch Must Touch - long sequence - Helena,EXTINCTION TRAIN_long sequence,30,3600,2017-05-26 10:03:13 AM,47,38,40,71,148,21.042399999999994,8.2776,1.8956333333333335,1.1073793103448277,0.8464666666666666,1.1546333333333334,6.6709865771812105,191,1245.725,30,17,8,10,41,118
DF48m5,3_6       ,m,VAChT^flox/flox,VAChT^flox/flox,OK_VAChTfxControls_HeteroSequence,Single-housed,Diurnal light cycle,Dr. Marco Prado - Robarts Research Institute - Ornela-Kljakic,Long_Sequence,,,5C_Touch Must Touch - long sequence - Helena,EXTINCTION TRAIN_long sequence,30,3600,2017-06-09 10:05:00 AM,38,42,55,52,44,3.916000000000001,1.7726666666666664,1.189733333333333,1.2531666666666665,0.5841000000000001,1.354766666666667,1.7431333333333328,81,517.286,30,8,12,25,22,14
DF48m5,3_6       ,m,VAChT^flox/flox,VAChT^flox/flox,OK_VAChTfxControls_HeteroSequence,Single-housed,Diurnal light cycle,Dr. Marco Prado - Robarts Research Institute - Ornela-Kljakic,Long_Sequence,,,5C_Touch Must Touch - long sequence - Helena,EXTINCTION TRAIN_long sequence,30,3600,2017-06-13 10:33:47 AM,39,51,43,55,47,6.007366666666666,1.6783000000000006,2.1061333333333336,1.7505333333333333,1.5350666666666664,1.1827999999999999,2.615480000000001,85,643.076,30,9,21,13,25,17
DF48m6,3_6       ,m,VAChT^flox/flox,VAChT^flox/flox,OK_VAChTfxControls_HeteroSequence,Single-housed,Diurnal light cycle,Dr. Marco Prado - Robarts Research Institute - Ornela-Kljakic,Long_Sequence,,,5C_Touch Must Touch - long sequence - Helena,EXTINCTION TRAIN_long sequence,30,3600,2017-05-11 9:28:39 AM,36,40,58,79,97,7.258133333333333,2.946,1.5977666666666663,0.5400333333333334,0.3817666666666667,1.2667000000000002,2.544739999999999,160,635.186,30,6,10,28,49,67
DF48m6,3_6       ,m,VAChT^flox/flox,VAChT^flox/flox,OK_VAChTfxControls_HeteroSequence,Single-housed,Diurnal light cycle,Dr. Marco Prado - Robarts Research Institute - Ornela-Kljakic,Long_Sequence,,,5C_Touch Must Touch - long sequence - Helena,EXTINCTION TRAIN_long sequence,30,3600,2017-05-16 9:59:54 AM,43,39,57,70,78,8.205066666666665,2.2993000000000006,3.0873000000000004,1.2952666666666666,1.943433333333334,1.3038333333333334,3.3660733333333317,138,759.615,30,13,9,27,40,48
DF59m2,3_6       ,m,VAChT^flox/flox,VAChT^flox/flox,OK_VAChTfxControls_HeteroSequence,Single-housed,Diurnal light cycle,Dr. Marco Prado - Robarts Research Institute - Ornela-Kljakic,Long_Sequence,,,5C_Touch Must Touch - long sequence - Helena,EXTINCTION TRAIN_long sequence,30,3600,2017-06-02 9:48:08 AM,49,40,61,41,59,13.573533333333332,3.9702,1.0289333333333333,1.4471,0.6575000000000001,1.1117000000000001,4.135453333333334,100,869.206,30,19,10,31,11,29
DF59m2,3_6       ,m,VAChT^flox/flox,VAChT^flox/flox,OK_VAChTfxControls_HeteroSequence,Single-housed,Diurnal light cycle,Dr. Marco Prado - Robarts Research Institute - Ornela-Kljakic,Long_Sequence,,,5C_Touch Must Touch - long sequence - Helena,EXTINCTION TRAIN_long sequence,30,3600,2017-06-06 10:10:36 AM,54,54,51,40,76,12.455833333333333,8.035366666666667,1.3882999999999999,1.0677333333333334,0.3193,1.0970333333333335,4.653306666666665,125,946.669,30,24,24,21,10,46
DF63m3,3_6       ,m,VAChT^flox/flox,VAChT^flox/flox,OK_VAChTfxControls_HeteroSequence,Single-housed,Diurnal light cycle,Dr. Marco Prado - Robarts Research Institute - Ornela-Kljakic,Long_Sequence,,,5C_Touch Must Touch - long sequence - Helena,EXTINCTION TRAIN_long sequence,30,3600,2017-08-01 12:56:21 PM,53,40,55,75,105,8.424366666666668,2.7037,1.9322758620689657,1.0920999999999998,0.3911034482758621,1.4693666666666667,2.932317567567567,180,693.884,30,23,10,25,45,75
DF63m3,3_6       ,m,VAChT^flox/flox,VAChT^flox/flox,OK_VAChTfxControls_HeteroSequence,Single-housed,Diurnal light cycle,Dr. Marco Prado - Robarts Research Institute - Ornela-Kljakic,Long_Sequence,,,5C_Touch Must Touch - long sequence - Helena,EXTINCTION TRAIN_long sequence,30,3600,2017-08-03 1:14:15 PM,210,80,123,120,207,13.003333333333336,18.72950000000001,13.675066666666662,9.274166666666668,1.6964666666666666,1.067,11.275706666666663,590,1939.116,30,180,50,93,90,177
DF79m1,3_6       ,m,VAChT^flox/flox,VAChT^flox/flox,OK_VAChTfxControls_HeteroSequence,Single-housed,Diurnal light cycle,Dr. Marco Prado - Robarts Research Institute - Ornela-Kljakic,Long_Sequence,,,5C_Touch Must Touch - long sequence - Helena,EXTINCTION TRAIN_long sequence,30,3600,2017-12-04 11:42:30 AM,53,47,72,143,82,21.681466666666665,7.652333333333334,3.1748,1.6209666666666667,0.3790333333333334,0.9996666666666669,6.901719999999997,247,1280.553,30,23,17,42,113,52
DF79m1,3_6       ,m,VAChT^flox/flox,VAChT^flox/flox,OK_VAChTfxControls_HeteroSequence,Single-housed,Diurnal light cycle,Dr. Marco Prado - Robarts Research Institute - Ornela-Kljakic,Long_Sequence,,,5C_Touch Must Touch - long sequence - Helena,EXTINCTION TRAIN_long sequence,30,3600,2017-12-06 11:41:12 AM,58,35,54,89,55,16.601600000000005,9.250533333333333,1.1582999999999999,0.3934000000000001,0.36019999999999996,0.9108333333333333,5.552806666666669,141,1075.839,30,28,5,24,59,25
DF79m2,3_6       ,m,VAChT^flox/flox,VAChT^flox/flox,OK_VAChTfxControls_HeteroSequence,Single-housed,Diurnal light cycle,Dr. Marco Prado - Robarts Research Institute - Ornela-Kljakic,Long_Sequence,,,5C_Touch Must Touch - long sequence - Helena,EXTINCTION TRAIN_long sequence,30,3600,2017-11-17 12:23:13 PM,43,39,39,48,81,6.914333333333333,1.3465,1.207366666666667,1.2743793103448275,1.6475666666666664,1.3369333333333338,2.486107382550334,101,626.02,30,13,9,9,18,51
DF79m2,3_6       ,m,VAChT^flox/flox,VAChT^flox/flox,OK_VAChTfxControls_HeteroSequence,Single-housed,Diurnal light cycle,Dr. Marco Prado - Robarts Research Institute - Ornela-Kljakic,Long_Sequence,,,5C_Touch Must Touch - long sequence - Helena,EXTINCTION TRAIN_long sequence,30,3600,2017-11-21 10:54:08 AM,43,38,52,56,85,19.147133333333333,2.546172413793103,3.2785,1.4775,2.2739655172413786,1.1022,5.789716216216217,125,1107.907,30,13,8,22,26,55
DF79m5,3_6       ,m,VAChT^flox/flox,VAChT^flox/flox,OK_VAChTfxControls_HeteroSequence,Single-housed,Diurnal light cycle,Dr. Marco Prado - Robarts Research Institute - Ornela-Kljakic,Long_Sequence,,,5C_Touch Must Touch - long sequence - Helena,EXTINCTION TRAIN_long sequence,30,3600,2017-11-24 12:16:00 PM,58,40,55,47,61,6.332099999999999,5.505633333333332,0.34906666666666664,0.44260000000000005,0.40719999999999995,1.0148,2.6073200000000005,111,637.085,30,28,10,25,17,31
DF79m5,3_6       ,m,VAChT^flox/flox,VAChT^flox/flox,OK_VAChTfxControls_HeteroSequence,Single-housed,Diurnal light cycle,Dr. Marco Prado - Robarts Research Institute - Ornela-Kljakic,Long_Sequence,,,5C_Touch Must Touch - long sequence - Helena,EXTINCTION TRAIN_long sequence,30,3600,2017-11-28 11:53:12 AM,69,37,49,38,52,5.688466666666667,4.432999999999999,1.3998333333333333,0.48889999999999995,0.2703999999999999,1.1766,2.4561200000000003,95,619.251,30,39,7,19,8,22
